"","Y","X","beta","P","FDR","qvalue","lfdr"
"463","IESR","Achromobacter xylosoxidans",-0.0331233539723853,0.661036873835399,0.992729306056488,0.992729306056488,1
"464","IESR","Acinetobacter johnsonii",0.0370553528497235,0.664994060628794,0.992729306056488,0.992729306056488,1
"465","IESR","Acinetobacter sp. CIP 101966",0.0134989773735581,0.880856592556876,0.992729306056488,0.992729306056488,1
"466","IESR","Actinomyces_Unclassified",-0.0370362418304319,0.771878136909477,0.992729306056488,0.992729306056488,1
"467","IESR","Adlercreutzia_Unclassified",0.113995125773185,0.211588789314973,0.962212956276802,0.962212956276802,1
"468","IESR","Agathobacter_Unclassified",0.0927270349894831,0.32849107400861,0.992729306056488,0.992729306056488,1
"469","IESR","Agathobacter_uncultured bacterium",0.105265459503062,0.378174585373726,0.992729306056488,0.992729306056488,1
"470","IESR","Agathobacter_uncultured organism",-0.0586190686678331,0.631542808813462,0.992729306056488,0.992729306056488,1
"471","IESR","Akkermansia muciniphila",0.0463668761805605,0.756036509418028,0.992729306056488,0.992729306056488,1
"472","IESR","Akkermansia muciniphila ATCC BAA-835",0.0913451087653525,0.572307640150732,0.992729306056488,0.992729306056488,1
"473","IESR","Alistipes finegoldii",-0.08836747034997,0.51858915733871,0.992729306056488,0.992729306056488,1
"474","IESR","Alistipes putredinis DSM 17216",0.12528205200807,0.292665797262171,0.992729306056488,0.992729306056488,1
"475","IESR","Alistipes_Unclassified",0.0384689660763067,0.737681333047844,0.992729306056488,0.992729306056488,1
"476","IESR","Alistipes_uncultured bacterium",0.0437850036727994,0.652912889408492,0.992729306056488,0.992729306056488,1
"477","IESR","Alistipes_uncultured organism",-0.00483041477365939,0.959103133484276,0.992729306056488,0.992729306056488,1
"478","IESR","Allisonella_Unclassified",-0.0482694586338616,0.63312206599136,0.992729306056488,0.992729306056488,1
"479","IESR","Alloprevotella_Unclassified",0.0337902163276791,0.833585662851747,0.992729306056488,0.992729306056488,1
"480","IESR","Alloprevotella_uncultured bacterium",0.11416611517856,0.514820351313784,0.992729306056488,0.992729306056488,1
"481","IESR","Alloprevotella_uncultured organism",-0.0731415877927412,0.515627193048685,0.992729306056488,0.992729306056488,1
"482","IESR","Ammopiptanthus mongolicus",0.0853556169890843,0.176961957750344,0.962212956276802,0.962212956276802,1
"483","IESR","Anaerococcus prevotii DSM 20548",-0.113433545484076,0.129172553220478,0.93441569321106,0.93441569321106,1
"484","IESR","Anaerococcus_Unclassified",-0.0840135353388628,0.248079993625405,0.977349630058708,0.977349630058708,1
"485","IESR","Anaerostignum_Unclassified",0.101842693552323,0.393646373727259,0.992729306056488,0.992729306056488,1
"486","IESR","Anaerostipes hadrus",0.0683387717491938,0.529395657497327,0.992729306056488,0.992729306056488,1
"487","IESR","Anaerostipes_uncultured bacterium",-0.0314676484045025,0.672082158542506,0.992729306056488,0.992729306056488,1
"488","IESR","Anaerotruncus colihominis DSM 17241",-0.247318177749499,0.0713998230822679,0.795846808502352,0.795846808502352,0.97276537416851
"489","IESR","Asinibacterium_uncultured bacterium",0.0540238433645465,0.382070353875493,0.992729306056488,0.992729306056488,1
"490","IESR","Asteroleplasma_metagenome",-0.252413285919909,0.0403771721512429,0.782025435064306,0.782025435064306,0.860081484268467
"491","IESR","Bacillaceae_Unclassified",0.00468074247848266,0.938035238228346,0.992729306056488,0.992729306056488,1
"492","IESR","Bacteroides caccae",0.0971448620929069,0.528825332740315,0.992729306056488,0.992729306056488,1
"493","IESR","Bacteroides cellulosilyticus",-0.261345778619955,0.0620104885891317,0.791567546434356,0.791567546434356,0.942785320392775
"494","IESR","Bacteroides coprocola",-0.173650572144543,0.344839557271369,0.992729306056488,0.992729306056488,1
"495","IESR","Bacteroides coprocola DSM 17136",0.0797736795075528,0.544818968351207,0.992729306056488,0.992729306056488,1
"496","IESR","Bacteroides coprophilus",0.214156713970034,0.204272582866683,0.962212956276802,0.962212956276802,1
"497","IESR","Bacteroides dorei",-0.0649832561976873,0.753111697189567,0.992729306056488,0.992729306056488,1
"498","IESR","Bacteroides dorei CL03T12C01",-0.218506529562945,0.253036300881368,0.981610394482241,0.981610394482241,1
"500","IESR","Bacteroides eggerthii",-0.00282022680484977,0.984092991253414,0.992729306056488,0.992729306056488,1
"501","IESR","Bacteroides faecis",0.0361644933508506,0.789822091585253,0.992729306056488,0.992729306056488,1
"502","IESR","Bacteroides finegoldii",-0.0787130084701538,0.693229347737048,0.992729306056488,0.992729306056488,1
"503","IESR","Bacteroides fragilis",-0.0401456526179578,0.794569981543156,0.992729306056488,0.992729306056488,1
"504","IESR","Bacteroides fragilis 638R",-0.0849096659216923,0.612299127572386,0.992729306056488,0.992729306056488,1
"505","IESR","Bacteroides fragilis NCTC 9343",0.0270381397625922,0.861567509776349,0.992729306056488,0.992729306056488,1
"506","IESR","Bacteroides fragilis YCH46",-0.0752176373020174,0.617061599810553,0.992729306056488,0.992729306056488,1
"507","IESR","Bacteroides intestinalis",0.108734474337166,0.195350077386363,0.962212956276802,0.962212956276802,1
"508","IESR","Bacteroides intestinalis DSM 17393",0.0751669425239316,0.563993279859098,0.992729306056488,0.992729306056488,1
"509","IESR","Bacteroides massiliensis",0.0309517504679194,0.84409776342305,0.992729306056488,0.992729306056488,1
"510","IESR","Bacteroides ovatus",0.189773171772646,0.177329281146454,0.962212956276802,0.962212956276802,1
"511","IESR","Bacteroides ovatus V975",0.0548934694422586,0.67474505382031,0.992729306056488,0.992729306056488,1
"512","IESR","Bacteroides plebeius",-0.0574667382137133,0.739764605457576,0.992729306056488,0.992729306056488,1
"513","IESR","Bacteroides salyersiae WAL 10018 = DSM 18765 = JCM 12988",-0.226687595550884,0.0779658783461389,0.800348162136116,0.800348162136116,0.991957380298345
"514","IESR","Bacteroides stercoris ATCC 43183",0.131556997223724,0.410075485963952,0.992729306056488,0.992729306056488,1
"515","IESR","Bacteroides thetaiotaomicron",0.0415879160467659,0.771186577010164,0.992729306056488,0.992729306056488,1
"516","IESR","Bacteroides thetaiotaomicron VPI-5482",0.0508160051624903,0.694414882869303,0.992729306056488,0.992729306056488,1
"517","IESR","Bacteroides uniformis",0.0329817691195422,0.786176011779149,0.992729306056488,0.992729306056488,1
"518","IESR","Bacteroides vulgatus",-0.0190654603266826,0.898217241359577,0.992729306056488,0.992729306056488,1
"519","IESR","Bacteroides vulgatus ATCC 8482",0.090309271102296,0.475601716079281,0.992729306056488,0.992729306056488,1
"520","IESR","Bacteroides_Unclassified",0.0792887725829214,0.511503269910589,0.992729306056488,0.992729306056488,1
"521","IESR","Bacteroides_uncultured bacterium",0.0707821416440025,0.56118009378725,0.992729306056488,0.992729306056488,1
"522","IESR","Bacteroides_uncultured organism",0.0518639884893665,0.617934623039207,0.992729306056488,0.992729306056488,1
"523","IESR","Barnesiella_Unclassified",0.204289990201002,0.17024625787383,0.962212956276802,0.962212956276802,1
"524","IESR","Bifidobacterium adolescentis",0.0360939011808346,0.755556698417414,0.992729306056488,0.992729306056488,1
"525","IESR","Bifidobacterium adolescentis ATCC 15703",0.0351831745446604,0.730736055239947,0.992729306056488,0.992729306056488,1
"526","IESR","Bifidobacterium bifidum",-0.0871830289627615,0.467939126198242,0.992729306056488,0.992729306056488,1
"527","IESR","Bifidobacterium bifidum ATCC 29521 = JCM 1255 = DSM 20456",-0.0122364320342782,0.890684637308305,0.992729306056488,0.992729306056488,1
"528","IESR","Bifidobacterium bifidum S17",-0.0318221013100116,0.659786878271262,0.992729306056488,0.992729306056488,1
"529","IESR","Bifidobacterium kashiwanohense PV20-2",0.177180183216046,0.236432156406597,0.962212956276802,0.962212956276802,1
"530","IESR","Bifidobacterium longum",0.0307591637268271,0.795679317107945,0.992729306056488,0.992729306056488,1
"531","IESR","Bifidobacterium longum NCC2705",0.0331458217452447,0.731516193486282,0.992729306056488,0.992729306056488,1
"532","IESR","Bifidobacterium longum subsp. infantis",0.0871055591999664,0.236360042005729,0.962212956276802,0.962212956276802,1
"533","IESR","Bifidobacterium pseudocatenulatum DSM 20438 = JCM 1200 = LMG 10505",0.0600350772507481,0.62858571682983,0.992729306056488,0.992729306056488,1
"534","IESR","Bifidobacterium_Unclassified",0.0991962207672718,0.397479158174615,0.992729306056488,0.992729306056488,1
"535","IESR","Bifidobacterium_uncultured bacterium",-0.00749605657074965,0.923684986717429,0.992729306056488,0.992729306056488,1
"536","IESR","Bilophila wadsworthia",-0.00809829577129075,0.939969656668993,0.992729306056488,0.992729306056488,1
"537","IESR","Bilophila_Unclassified",0.0505086707560995,0.656967015730246,0.992729306056488,0.992729306056488,1
"538","IESR","Bilophila_uncultured bacterium",0.0568527309277509,0.52179470733852,0.992729306056488,0.992729306056488,1
"539","IESR","Blautia hansenii DSM 20583",0.118419439008292,0.102244842885309,0.881620626388419,0.881620626388419,1
"540","IESR","Blautia obeum",-0.00776167286895901,0.932723287178496,0.992729306056488,0.992729306056488,1
"541","IESR","Blautia_Unclassified",-0.00198048874642696,0.982750135424389,0.992729306056488,0.992729306056488,1
"542","IESR","Blautia_metagenome",-0.0711421300065781,0.554280224776685,0.992729306056488,0.992729306056488,1
"543","IESR","Blautia_uncultured bacterium",0.112377360139811,0.213991219936673,0.962212956276802,0.962212956276802,1
"544","IESR","Blautia_uncultured organism",0.0603286524474545,0.565451017164581,0.992729306056488,0.992729306056488,1
"545","IESR","Bradymonadales_uncultured delta proteobacterium",0.124797906200157,0.133498636775436,0.93441569321106,0.93441569321106,1
"546","IESR","Bradyrhizobium elkanii",-0.0611381274928777,0.480577907166534,0.992729306056488,0.992729306056488,1
"547","IESR","Bradyrhizobium japonicum",0.0523791387414072,0.537102230865145,0.992729306056488,0.992729306056488,1
"548","IESR","Bradyrhizobium liaoningense",-0.00629122222176957,0.933801282365106,0.992729306056488,0.992729306056488,1
"549","IESR","Bradyrhizobium_Unclassified",0.0927397467551365,0.284107715684892,0.992729306056488,0.992729306056488,1
"550","IESR","Brevundimonas sp. DS20",-0.0995041471308435,0.164416392941814,0.962212956276802,0.962212956276802,1
"551","IESR","Butyricicoccus_Unclassified",0.0367210258409803,0.651740601245827,0.992729306056488,0.992729306056488,1
"552","IESR","Butyricicoccus_uncultured bacterium",0.00144934439244924,0.988384757671121,0.992729306056488,0.992729306056488,1
"553","IESR","Butyricimonas_Unclassified",0.154628848538067,0.204899114342894,0.962212956276802,0.962212956276802,1
"554","IESR","CAG-352_uncultured organism",0.151747995901896,0.224738276490965,0.962212956276802,0.962212956276802,1
"555","IESR","CAG-56_Unclassified",0.0742293252050619,0.615487774217032,0.992729306056488,0.992729306056488,1
"556","IESR","CAG-56_uncultured bacterium",0.0152754150926944,0.815222734343736,0.992729306056488,0.992729306056488,1
"557","IESR","CAG-56_uncultured organism",0.0540238433645465,0.382070353875493,0.992729306056488,0.992729306056488,1
"558","IESR","Campylobacter hominis ATCC BAA-381",-0.121652452687427,0.231630147709817,0.962212956276802,0.962212956276802,1
"559","IESR","Catenibacterium mitsuokai",0.182653239412564,0.258175954529008,0.983220093497974,0.983220093497974,1
"560","IESR","Caulobacter sp.",-0.0437334786181283,0.582712199215526,0.992729306056488,0.992729306056488,1
"561","IESR","Caulobacter vibrioides",-0.0482942063954517,0.577469460046856,0.992729306056488,0.992729306056488,1
"562","IESR","Caulobacter_Unclassified",-0.000907956082130002,0.987888713291364,0.992729306056488,0.992729306056488,1
"563","IESR","Caulobacter_metagenome",-0.00140833316167894,0.981456207433517,0.992729306056488,0.992729306056488,1
"564","IESR","Caulobacteraceae_Unclassified",-0.0255089781361384,0.714580424526519,0.992729306056488,0.992729306056488,1
"565","IESR","Chitinophaga_uncultured Chitinophaga sp.",0.179357517598713,0.0279272089125164,0.709040804056666,0.709040804056665,0.800561045751568
"566","IESR","Chitinophagaceae_Unclassified",0.155190670313932,0.0604196867448556,0.791567546434356,0.791567546434356,0.937386644699682
"567","IESR","Chloroplast_Unclassified",0.19552515129202,0.000896951357129565,0.161496319350138,0.161496319350138,0.224094515969996
"568","IESR","Chloroplast_uncultured bacterium",0.142133174382384,0.0160546165365121,0.611413313098835,0.611413313098835,0.723859297841382
"569","IESR","Christensenellaceae R-7 group_Unclassified",-0.196642911134512,0.15405200854899,0.962212956276802,0.962212956276802,1
"570","IESR","Christensenellaceae R-7 group_metagenome",-0.0245820254816344,0.851928980380454,0.992729306056488,0.992729306056488,1
"571","IESR","Christensenellaceae R-7 group_uncultured bacterium",-0.186078760825906,0.193505038280316,0.962212956276802,0.962212956276802,1
"572","IESR","Christensenellaceae_Unclassified",-0.0875740098576872,0.403975239343486,0.992729306056488,0.992729306056488,1
"573","IESR","Chroococcidiopsis SAG 2023_uncultured bacterium",0.0588999061164903,0.342299115769531,0.992729306056488,0.992729306056488,1
"574","IESR","Citrobacter freundii complex sp. CFNIH4",-0.00370228968868516,0.966007320710645,0.992729306056488,0.992729306056488,1
"575","IESR","Citrobacter portucalensis",0.020470913766785,0.82659448504173,0.992729306056488,0.992729306056488,1
"576","IESR","Citrobacter_Unclassified",0.0743550045403585,0.482307358306355,0.992729306056488,0.992729306056488,1
"577","IESR","Clostridia UCG-014_Unclassified",-0.0790789866287185,0.682256431139905,0.992729306056488,0.992729306056488,1
"578","IESR","Clostridia UCG-014_uncultured bacterium",0.0210256272779582,0.849282295921514,0.992729306056488,0.992729306056488,1
"579","IESR","Clostridia UCG-014_uncultured organism",0.250791042932149,0.130374429299126,0.93441569321106,0.93441569321106,1
"580","IESR","Clostridia vadinBB60 group_Unclassified",0.217826497817999,0.181179201114026,0.962212956276802,0.962212956276802,1
"581","IESR","Clostridia vadinBB60 group_uncultured organism",0.136992287703399,0.558104199744393,0.992729306056488,0.992729306056488,1
"582","IESR","Clostridiales bacterium CCNA10",-0.102711253120429,0.444634268855303,0.992729306056488,0.992729306056488,1
"583","IESR","Clostridioides difficile",0.0205301513011786,0.761152166062437,0.992729306056488,0.992729306056488,1
"584","IESR","Clostridium butyricum",-0.053492728866136,0.519171477913592,0.992729306056488,0.992729306056488,1
"585","IESR","Clostridium sensu stricto 1_Unclassified",-0.0302046681515264,0.751265668004924,0.992729306056488,0.992729306056488,1
"586","IESR","Clostridium sensu stricto 1_uncultured bacterium",-0.0154156204522296,0.870616678033748,0.992729306056488,0.992729306056488,1
"587","IESR","Clostridium sensu stricto 1_uncultured organism",0.0234318364397649,0.737188614074238,0.992729306056488,0.992729306056488,1
"588","IESR","Clostridium sporogenes",0.0568348263310484,0.63576468828273,0.992729306056488,0.992729306056488,1
"589","IESR","Cnuella_Unclassified",-0.160366336362284,0.00885925591269525,0.482190091485941,0.482190091485941,0.635997731818788
"590","IESR","Colidextribacter_Unclassified",-0.0963772066926167,0.379318658825139,0.992729306056488,0.992729306056488,1
"591","IESR","Colidextribacter_uncultured bacterium",-0.23076078516441,0.0385467006936135,0.782025435064306,0.782025435064306,0.852021572422425
"592","IESR","Collinsella aerofaciens",0.160677665354662,0.227627253370705,0.962212956276802,0.962212956276802,1
"593","IESR","Collinsella aerofaciens ATCC 25986",-0.0659559046173821,0.489975795315711,0.992729306056488,0.992729306056488,1
"594","IESR","Collinsella intestinalis DSM 13280",0.0100631898390139,0.931253186886721,0.992729306056488,0.992729306056488,1
"595","IESR","Collinsella_uncultured bacterium",0.0980565806532627,0.181868227192961,0.962212956276802,0.962212956276802,1
"596","IESR","Comamonas aquatica",-0.128727510838307,0.282890900322524,0.992729306056488,0.992729306056488,1
"597","IESR","Comamonas_Unclassified",0.00836112197506892,0.915718263602829,0.992729306056488,0.992729306056488,1
"598","IESR","Comamonas_uncultured bacterium",-0.140700646792091,0.0530625375459113,0.791567546434356,0.791567546434356,0.911108165186559
"599","IESR","Coprobacter_Unclassified",-0.302707340770607,0.0450693440641273,0.782025435064306,0.782025435064306,0.879885508056847
"600","IESR","Coprobacter_uncultured bacterium",0.0587574493350753,0.382070353875493,0.992729306056488,0.992729306056488,1
"601","IESR","Coprococcus_Unclassified",-0.0670164750606417,0.565008148827958,0.992729306056488,0.992729306056488,1
"602","IESR","Coprococcus_uncultured bacterium",-0.0181486076846388,0.87477310508138,0.992729306056488,0.992729306056488,1
"603","IESR","Coraliomargarita_uncultured bacterium",-0.117874948359818,0.233420160625542,0.962212956276802,0.962212956276802,1
"604","IESR","Desulfovibrio fairfieldensis",0.0160285533270985,0.907457903430527,0.992729306056488,0.992729306056488,1
"605","IESR","Desulfovibrio_Unclassified",0.1016715072895,0.870158032079166,0.992729306056488,0.992729306056488,1
"606","IESR","Dialister invisus DSM 15470",0.0679638375126601,0.578630481799676,0.992729306056488,0.992729306056488,1
"607","IESR","Dialister sp. Marseille-P5638",-0.242371228335036,0.0551307577648119,0.791567546434356,0.791567546434356,0.918720433648308
"608","IESR","Dialister_Unclassified",0.0531757316123415,0.611481039170865,0.992729306056488,0.992729306056488,1
"609","IESR","Dialister_uncultured bacterium",-0.198317811442292,0.120628863722069,0.93441569321106,0.93441569321106,1
"610","IESR","Dialister_uncultured organism",-0.0294498491729751,0.887238706505782,0.992729306056488,0.992729306056488,1
"611","IESR","Diaphorobacter_Unclassified",-0.113969842779266,0.220161464432194,0.962212956276802,0.962212956276802,1
"612","IESR","Diaphorobacter_uncultured bacterium",0.00468074247848266,0.938035238228346,0.992729306056488,0.992729306056488,1
"613","IESR","Donghicola_Unclassified",0.107967398563032,0.452711605468795,0.992729306056488,0.992729306056488,1
"614","IESR","Dorea formicigenerans ATCC 27755",-0.00241986781932351,0.982289297334665,0.992729306056488,0.992729306056488,1
"615","IESR","Dorea_Unclassified",0.144319098992506,0.0841994869809176,0.800348162136116,0.800348162136116,1
"616","IESR","Dorea_uncultured bacterium",0.000861109052836199,0.994359022567063,0.994359022567063,0.994359022567063,1
"617","IESR","Dorea_uncultured organism",0.0842954981312968,0.419789531995137,0.992729306056488,0.992729306056488,1
"618","IESR","Enterobacter asburiae",-0.0206079289028013,0.823925600685543,0.992729306056488,0.992729306056488,1
"619","IESR","Enterobacter cloacae P101",-0.00815578580219625,0.933684755007944,0.992729306056488,0.992729306056488,1
"620","IESR","Enterobacter kobei",-0.104660762022162,0.23173820434304,0.962212956276802,0.962212956276802,1
"621","IESR","Enterobacter_Unclassified",0.0354823724594658,0.696175016816795,0.992729306056488,0.992729306056488,1
"622","IESR","Enterococcus avium ATCC 14025",-0.028514597848744,0.729186246545358,0.992729306056488,0.992729306056488,1
"623","IESR","Enterococcus faecium",0.0850250992257497,0.305348023152765,0.992729306056488,0.992729306056488,1
"624","IESR","Enterococcus_Unclassified",0.0800619830888047,0.193586314922287,0.962212956276802,0.962212956276802,1
"625","IESR","Escherichia coli",0.456193140787176,0.000499215750530228,0.161496319350138,0.161496319350138,0.172014242746578
"626","IESR","Escherichia coli ED1a",0.293904475182082,0.0916961765857481,0.817421429326866,0.817421429326866,1
"627","IESR","Escherichia coli K-12",-0.0113392078468103,0.964700770052688,0.992729306056488,0.992729306056488,1
"628","IESR","Escherichia coli KO11FL",-0.0545407441523266,0.680151493242716,0.992729306056488,0.992729306056488,1
"629","IESR","Escherichia coli O55:H7 str. RM12579",-0.0145786704973755,0.936046481383263,0.992729306056488,0.992729306056488,1
"630","IESR","Escherichia coli O6:H16",0.060859309307197,0.711596340797529,0.992729306056488,0.992729306056488,1
"631","IESR","Escherichia coli UMN026",-0.0513722319161662,0.881292934164071,0.992729306056488,0.992729306056488,1
"632","IESR","Escherichia-Shigella_Unclassified",0.223770262235932,0.178853919759333,0.962212956276802,0.962212956276802,1
"633","IESR","Faecalibacterium prausnitzii",-0.0321157817792938,0.796622290040323,0.992729306056488,0.992729306056488,1
"634","IESR","Faecalibacterium_Unclassified",-0.0566428248882852,0.661757586120605,0.992729306056488,0.992729306056488,1
"635","IESR","Faecalibacterium_gut metagenome",-0.187455466535126,0.158339581612981,0.962212956276802,0.962212956276802,1
"636","IESR","Faecalibacterium_human gut metagenome",-0.0843294103150173,0.57472513223853,0.992729306056488,0.992729306056488,1
"637","IESR","Faecalibacterium_metagenome",-0.0965801593994931,0.44563532285647,0.992729306056488,0.992729306056488,1
"638","IESR","Faecalibacterium_uncultured bacterium",0.0449343150330673,0.69348694500378,0.992729306056488,0.992729306056488,1
"639","IESR","Faecalibacterium_uncultured organism",0.060385010946795,0.527471262772691,0.992729306056488,0.992729306056488,1
"640","IESR","Finegoldia magna",-0.13558774841066,0.0816214587420913,0.800348162136116,0.800348162136116,1
"641","IESR","Finegoldia_Unclassified",-0.0549998854109263,0.436509111229187,0.992729306056488,0.992729306056488,1
"642","IESR","Flavonifractor plautii",0.0641513797690397,0.557579653802448,0.992729306056488,0.992729306056488,1
"643","IESR","Flavonifractor_Unclassified",0.0540238433645465,0.382070353875493,0.992729306056488,0.992729306056488,1
"644","IESR","Flavonifractor_uncultured bacterium",-0.0817544888862649,0.492809056600617,0.992729306056488,0.992729306056488,1
"645","IESR","Fournierella_uncultured bacterium",-0.342526154386053,0.0269483984649125,0.709040804056666,0.709040804056665,0.795292891197532
"646","IESR","Fusicatenibacter_Unclassified",-0.0117474527699813,0.901411139264854,0.992729306056488,0.992729306056488,1
"647","IESR","Fusicatenibacter_uncultured bacterium",0.0144934596234367,0.889061553164355,0.992729306056488,0.992729306056488,1
"648","IESR","Fusicatenibacter_uncultured organism",0.0577558548400422,0.637030026313728,0.992729306056488,0.992729306056488,1
"649","IESR","Fusobacterium mortiferum ATCC 9817",-0.0208982482989049,0.864754316356311,0.992729306056488,0.992729306056488,1
"650","IESR","Fusobacterium_uncultured organism",0.0900965146794325,0.38094657063119,0.992729306056488,0.992729306056488,1
"651","IESR","GCA-900066575_uncultured bacterium",-0.171207996297544,0.215378154956304,0.962212956276802,0.962212956276802,1
"652","IESR","Gardnerella vaginalis",-0.00597479537520483,0.947931623444486,0.992729306056488,0.992729306056488,1
"653","IESR","Gastranaerophilales_uncultured bacterium",0.34205153189533,0.00269795758229206,0.205494435851245,0.205494435851245,0.399221339164706
"654","IESR","Glycine max (soybean)",0.104742923919246,0.114307045757244,0.932827141268934,0.932827141268934,1
"655","IESR","Haemophilus parainfluenzae",-0.0157049098246839,0.823274091731542,0.992729306056488,0.992729306056488,1
"656","IESR","Haemophilus parainfluenzae T3T1",0.0170269162384301,0.880386309854218,0.992729306056488,0.992729306056488,1
"657","IESR","Haemophilus_Unclassified",-0.0891738129077947,0.477397068404001,0.992729306056488,0.992729306056488,1
"658","IESR","Haemophilus_uncultured bacterium",0.0556316346246727,0.420710714795681,0.992729306056488,0.992729306056488,1
"659","IESR","Holdemanella_Unclassified",0.00468074247848266,0.938035238228346,0.992729306056488,0.992729306056488,1
"660","IESR","Holdemanella_uncultured bacterium",0.0196386137848625,0.863753714650818,0.992729306056488,0.992729306056488,1
"661","IESR","Hungatella_Unclassified",0.0404959640868108,0.712675613301242,0.992729306056488,0.992729306056488,1
"662","IESR","Incertae Sedis_Unclassified",-0.0779833577096675,0.602617613689088,0.992729306056488,0.992729306056488,1
"663","IESR","Incertae Sedis_uncultured bacterium",-0.138214823002573,0.337976163699473,0.992729306056488,0.992729306056488,1
"664","IESR","Incertae Sedis_uncultured organism",-0.0289831761381932,0.80747524757322,0.992729306056488,0.992729306056488,1
"665","IESR","Intestinibacter bartlettii DSM 16795",-0.0505354349621732,0.595352002044429,0.992729306056488,0.992729306056488,1
"666","IESR","Izemoplasmatales_Unclassified",-0.136554461064701,0.145259601299757,0.936832905613245,0.936832905613245,1
"667","IESR","Klebsiella aerogenes",0.00321177957095388,0.969592875115661,0.992729306056488,0.992729306056488,1
"668","IESR","Klebsiella pneumoniae",-0.0725780665234376,0.475635912038403,0.992729306056488,0.992729306056488,1
"669","IESR","Klebsiella sp. M5al",-0.0703350802497522,0.478302124741672,0.992729306056488,0.992729306056488,1
"670","IESR","Klebsiella variicola",-0.138541117771508,0.222113073264269,0.962212956276802,0.962212956276802,1
"671","IESR","Klebsiella_Unclassified",-0.0893719483436314,0.422086864453331,0.992729306056488,0.992729306056488,1
"672","IESR","Lachnoclostridium sp. YL32",-0.0114184870122807,0.928608421929976,0.992729306056488,0.992729306056488,1
"673","IESR","Lachnoclostridium_Unclassified",0.00225623002497943,0.984294381649116,0.992729306056488,0.992729306056488,1
"674","IESR","Lachnoclostridium_uncultured bacterium",0.0969878842984936,0.343644441709464,0.992729306056488,0.992729306056488,1
"675","IESR","Lachnoclostridium_uncultured organism",0.157187323525716,0.134330556658731,0.93441569321106,0.93441569321106,1
"676","IESR","Lachnospira_Unclassified",0.0107816578126806,0.911899714663398,0.992729306056488,0.992729306056488,1
"677","IESR","Lachnospira_gut metagenome",-0.0659418256065883,0.60985097097979,0.992729306056488,0.992729306056488,1
"678","IESR","Lachnospira_human gut metagenome",-0.0222172978917422,0.913978516761275,0.992729306056488,0.992729306056488,1
"679","IESR","Lachnospira_uncultured bacterium",0.0324568695165148,0.75985607817185,0.992729306056488,0.992729306056488,1
"680","IESR","Lachnospira_uncultured organism",-0.0749014082500006,0.497485744327536,0.992729306056488,0.992729306056488,1
"681","IESR","Lachnospiraceae FCS020 group_uncultured bacterium",0.023477054840453,0.838484291492344,0.992729306056488,0.992729306056488,1
"682","IESR","Lachnospiraceae NC2004 group_uncultured bacterium",0.0540238433645465,0.382070353875493,0.992729306056488,0.992729306056488,1
"683","IESR","Lachnospiraceae NC2004 group_uncultured organism",0.073023135294388,0.444481838708342,0.992729306056488,0.992729306056488,1
"684","IESR","Lachnospiraceae ND3007 group_Unclassified",0.144660245976093,0.181921222570069,0.962212956276802,0.962212956276802,1
"685","IESR","Lachnospiraceae ND3007 group_metagenome",-0.00980004811257129,0.934803680000506,0.992729306056488,0.992729306056488,1
"686","IESR","Lachnospiraceae ND3007 group_uncultured bacterium",0.0169168217304835,0.869840043146737,0.992729306056488,0.992729306056488,1
"687","IESR","Lachnospiraceae NK4A136 group_Unclassified",-0.0269987044401563,0.828194962595287,0.992729306056488,0.992729306056488,1
"688","IESR","Lachnospiraceae NK4A136 group_uncultured bacterium",0.193845974405025,0.168333869765112,0.962212956276802,0.962212956276802,1
"689","IESR","Lachnospiraceae NK4A136 group_uncultured organism",0.334514130955202,0.0231916597157987,0.68083404739004,0.68083404739004,0.773836127848586
"690","IESR","Lachnospiraceae UCG-001_Unclassified",-0.0193910697786601,0.872495424878123,0.992729306056488,0.992729306056488,1
"691","IESR","Lachnospiraceae UCG-001_uncultured bacterium",-0.166966650021912,0.17591244844115,0.962212956276802,0.962212956276802,1
"692","IESR","Lachnospiraceae UCG-004_Unclassified",-0.0147926744983119,0.901958269088137,0.992729306056488,0.992729306056488,1
"693","IESR","Lachnospiraceae UCG-004_uncultured bacterium",-0.0251041021380985,0.837572404479127,0.992729306056488,0.992729306056488,1
"694","IESR","Lachnospiraceae UCG-004_uncultured organism",0.0729392100222037,0.365328419117553,0.992729306056488,0.992729306056488,1
"695","IESR","Lachnospiraceae UCG-008_uncultured bacterium",0.0512437334824427,0.575045123853023,0.992729306056488,0.992729306056488,1
"696","IESR","Lachnospiraceae bacterium GAM79",0.175194122209979,0.147262325232274,0.936832905613245,0.936832905613245,1
"697","IESR","Lachnospiraceae_Unclassified",0.0650646546831544,0.538528611013845,0.992729306056488,0.992729306056488,1
"698","IESR","Lachnospiraceae_human gut metagenome",-0.0554799355284814,0.732843524932651,0.992729306056488,0.992729306056488,1
"699","IESR","Lachnospiraceae_uncultured bacterium",0.0564363328209176,0.582509814969326,0.992729306056488,0.992729306056488,1
"700","IESR","Lachnospiraceae_uncultured organism",0.0855692631583891,0.454505495162044,0.992729306056488,0.992729306056488,1
"701","IESR","Lactobacillus ruminis ATCC 25644",-0.256249293548196,0.0505086939992832,0.791567546434356,0.791567546434356,0.901452582882061
"702","IESR","Lactobacillus salivarius",-0.321163943311233,0.0442887624743823,0.782025435064306,0.782025435064306,0.876671783027444
"703","IESR","Lupinus angustifolius (narrow-leaved blue lupine)",0.0540238433645465,0.382070353875493,0.992729306056488,0.992729306056488,1
"704","IESR","Lysobacter_Unclassified",-0.0359222904259111,0.82281271541622,0.992729306056488,0.992729306056488,1
"705","IESR","Marivita_Unclassified",0.319859057216696,0.00996938611583336,0.482190091485941,0.482190091485941,0.655130398663303
"706","IESR","Megamonas funiformis YIT 11815",0.279343516030255,0.0845844932771967,0.800348162136116,0.800348162136116,1
"707","IESR","Megamonas_Unclassified",0.306283213312855,0.0586741978808496,0.791567546434356,0.791567546434356,0.931350129412719
"708","IESR","Megamonas_uncultured bacterium",0.297497764093896,0.0755675763515082,0.800348162136116,0.800348162136116,0.985106863762797
"709","IESR","Megamonas_uncultured organism",0.00265298358151161,0.978552945342733,0.992729306056488,0.992729306056488,1
"710","IESR","Megasphaera elsdenii",0.0730083456540786,0.730438964668381,0.992729306056488,0.992729306056488,1
"711","IESR","Megasphaera elsdenii 14-14",0.127488661164496,0.541592129116005,0.992729306056488,0.992729306056488,1
"712","IESR","Megasphaera elsdenii DSM 20460",-0.152238044654846,0.483826022197893,0.992729306056488,0.992729306056488,1
"713","IESR","Megasphaera hexanoica",-0.0674157175796954,0.549698647414306,0.992729306056488,0.992729306056488,1
"714","IESR","Megasphaera micronuciformis",-0.0206039560142112,0.83506204748338,0.992729306056488,0.992729306056488,1
"715","IESR","Megasphaera_Unclassified",0.100015377780644,0.501490604532886,0.992729306056488,0.992729306056488,1
"716","IESR","Megasphaera_uncultured bacterium",0.0999321252696199,0.378451362610929,0.992729306056488,0.992729306056488,1
"717","IESR","Mesorhizobium_uncultured bacterium",0.181390843888151,0.0711068242945164,0.795846808502352,0.795846808502352,0.97187628024024
"718","IESR","Mitochondria_Unclassified",0.077010937646356,0.236131379253159,0.962212956276802,0.962212956276802,1
"719","IESR","Mitsuokella multacida DSM 20544",0.429618140016417,0.0238366406088417,0.68083404739004,0.68083404739004,0.77768097767185
"720","IESR","Mitsuokella_Unclassified",0.215326011239204,0.173778086609253,0.962212956276802,0.962212956276802,1
"721","IESR","Mitsuokella_uncultured bacterium",0.16781791540998,0.142405566925574,0.936832905613245,0.936832905613245,1
"722","IESR","Monoglobus_Unclassified",-0.0921795820644077,0.398492237868416,0.992729306056488,0.992729306056488,1
"723","IESR","Monoglobus_uncultured bacterium",-0.0818801736726994,0.39665081031234,0.992729306056488,0.992729306056488,1
"724","IESR","Muribaculaceae_uncultured bacterium",0.171749497550261,0.431902402714113,0.992729306056488,0.992729306056488,1
"725","IESR","NK4A214 group_Unclassified",0.248198787016223,0.0197604705507028,0.68083404739004,0.68083404739004,0.751866037462218
"726","IESR","NK4A214 group_uncultured bacterium",-0.0322268984164929,0.812657491040739,0.992729306056488,0.992729306056488,1
"727","IESR","NS3a marine group_Unclassified",0.0848803437440365,0.388586629262336,0.992729306056488,0.992729306056488,1
"728","IESR","Negativibacillus_Unclassified",0.0286373541822596,0.700431881060908,0.992729306056488,0.992729306056488,1
"729","IESR","Negativibacillus_uncultured bacterium",-0.270603522708199,0.0331742490314538,0.758031590368718,0.758031590368718,0.827115451217022
"730","IESR","Negativibacillus_uncultured organism",0.108035122537802,0.337681466788354,0.992729306056488,0.992729306056488,1
"731","IESR","Neisseria_uncultured Neisseria sp.",0.0966956808777329,0.758021865104252,0.992729306056488,0.992729306056488,1
"732","IESR","OM190_uncultured bacterium",0.0100719367590229,0.86955302236403,0.992729306056488,0.992729306056488,1
"733","IESR","OM27 clade_uncultured bacterium",0.207823116166876,0.00106015089288931,0.161496319350138,0.161496319350138,0.243816260686182
"734","IESR","Odoribacter splanchnicus",-0.070969963769636,0.504672834809833,0.992729306056488,0.992729306056488,1
"735","IESR","Odoribacter_Unclassified",0.0540238433645465,0.382070353875493,0.992729306056488,0.992729306056488,1
"736","IESR","Olsenella_uncultured bacterium",-0.318569774497457,0.00233911206532406,0.205494435851245,0.205494435851245,0.370924732328846
"737","IESR","Oscillibacter sp. PEA192",-0.120137834013944,0.340944060837018,0.992729306056488,0.992729306056488,1
"738","IESR","Oscillibacter_Unclassified",-0.188129535533077,0.0772551789893807,0.800348162136116,0.800348162136116,0.989946011983418
"739","IESR","Oscillospira_uncultured bacterium",0.0181636388867654,0.82712389199443,0.992729306056488,0.992729306056488,1
"740","IESR","Oscillospiraceae_Unclassified",0.0228687856394685,0.845561176852519,0.992729306056488,0.992729306056488,1
"741","IESR","Oscillospiraceae_uncultured bacterium",-0.154322007103673,0.147597306792459,0.936832905613245,0.936832905613245,1
"742","IESR","Oscillospirales_Unclassified",0.04559204954827,0.579683997156639,0.992729306056488,0.992729306056488,1
"743","IESR","Parabacteroides distasonis",0.0464730648784881,0.763733034543659,0.992729306056488,0.992729306056488,1
"744","IESR","Parabacteroides distasonis ATCC 8503",-0.123142309577398,0.36940539716764,0.992729306056488,0.992729306056488,1
"745","IESR","Parabacteroides merdae",-0.0112200159166043,0.932784779201919,0.992729306056488,0.992729306056488,1
"746","IESR","Parabacteroides sp. CT06",0.00529964591465294,0.965115742723802,0.992729306056488,0.992729306056488,1
"747","IESR","Parabacteroides_Unclassified",-0.0182665084885857,0.848345291801808,0.992729306056488,0.992729306056488,1
"748","IESR","Parabacteroides_uncultured bacterium",0.0244918262794259,0.8151791391317,0.992729306056488,0.992729306056488,1
"749","IESR","Parabacteroides_uncultured organism",0.0190036791129123,0.815543467127961,0.992729306056488,0.992729306056488,1
"750","IESR","Paracoccus_metagenome",-0.0220421701552885,0.792027686015192,0.992729306056488,0.992729306056488,1
"751","IESR","Paraprevotella clara",0.362240409261199,0.131179341399469,0.93441569321106,0.93441569321106,1
"752","IESR","Paraprevotella xylaniphila",-0.0181608304541347,0.899868423194793,0.992729306056488,0.992729306056488,1
"753","IESR","Paraprevotella_Unclassified",0.391216396126784,0.0589195519087379,0.791567546434356,0.791567546434356,0.932205889319271
"754","IESR","Paraprevotella_uncultured bacterium",-0.231181830924825,0.0641080154721511,0.791820623534407,0.791820623534407,0.949757517310078
"755","IESR","Parasutterella_Unclassified",-0.224103586811417,0.135435424433821,0.93441569321106,0.93441569321106,1
"756","IESR","Parasutterella_uncultured bacterium",0.0533021350919021,0.725948385377334,0.992729306056488,0.992729306056488,1
"757","IESR","Parasutterella_uncultured organism",0.00630037968198402,0.9427920583304,0.992729306056488,0.992729306056488,1
"758","IESR","Peptococcus_uncultured organism",-0.0815823617427393,0.537477454066749,0.992729306056488,0.992729306056488,1
"759","IESR","Peptoniphilus_Unclassified",-0.116956977958729,0.1327606554732,0.93441569321106,0.93441569321106,1
"760","IESR","Peptostreptococcaceae_Unclassified",0.00496422158680935,0.938905866417126,0.992729306056488,0.992729306056488,1
"761","IESR","Peptostreptococcaceae_uncultured bacterium",-0.0299071746714243,0.734382678783842,0.992729306056488,0.992729306056488,1
"762","IESR","Phascolarctobacterium faecium",0.0158448941364121,0.908558127349313,0.992729306056488,0.992729306056488,1
"763","IESR","Phascolarctobacterium_Unclassified",0.36265450274598,0.119667511343284,0.93441569321106,0.93441569321106,1
"764","IESR","Phascolarctobacterium_uncultured bacterium",-0.00960810455076937,0.942997162958033,0.992729306056488,0.992729306056488,1
"765","IESR","Phaseolus vulgaris",0.106521553181275,0.0899273229653192,0.817421429326866,0.817421429326866,1
"766","IESR","Phenylobacterium_Unclassified",0.00192698798051625,0.975340714885148,0.992729306056488,0.992729306056488,1
"767","IESR","Phocea_Unclassified",0.0540238433645465,0.382070353875493,0.992729306056488,0.992729306056488,1
"768","IESR","Phocea_uncultured bacterium",-0.117313108156142,0.309837345396445,0.992729306056488,0.992729306056488,1
"769","IESR","Phyllobacterium myrsinacearum",0.0205821133513229,0.793653968218138,0.992729306056488,0.992729306056488,1
"770","IESR","Phyllobacterium_uncultured bacterium",0.034267063067752,0.631029131425793,0.992729306056488,0.992729306056488,1
"771","IESR","Porphyromonas bennonis",-0.0641120296689492,0.335094619952101,0.992729306056488,0.992729306056488,1
"772","IESR","Prevotella bivia",-0.175666668154571,0.0416788865146904,0.782025435064306,0.782025435064306,0.865695074400509
"773","IESR","Prevotella copri",-0.0384066174101863,0.82512537026988,0.992729306056488,0.992729306056488,1
"774","IESR","Prevotella copri DSM 18205",-0.0118590076717114,0.949859317229168,0.992729306056488,0.992729306056488,1
"775","IESR","Prevotella corporis",-0.101006156683784,0.247918839007759,0.977349630058708,0.977349630058708,1
"776","IESR","Prevotella_7_uncultured bacterium",-0.0743357417631074,0.838106503716948,0.992729306056488,0.992729306056488,1
"777","IESR","Prevotella_9_Unclassified",-0.168786442560877,0.380926800580655,0.992729306056488,0.992729306056488,1
"779","IESR","Prevotella_9_metagenome",-0.121153870728708,0.438920438476523,0.992729306056488,0.992729306056488,1
"780","IESR","Prevotella_9_uncultured bacterium",-0.112463039073661,0.529089869646278,0.992729306056488,0.992729306056488,1
"781","IESR","Prevotella_9_uncultured organism",-0.0443632312108739,0.682657913379499,0.992729306056488,0.992729306056488,1
"782","IESR","Prevotella_Unclassified",-0.101695506145744,0.506384997157166,0.992729306056488,0.992729306056488,1
"783","IESR","Prevotella_uncultured bacterium",0.00895894422798117,0.957583677143501,0.992729306056488,0.992729306056488,1
"784","IESR","Prevotella_uncultured organism",-0.232090924089183,0.221185018765673,0.962212956276802,0.962212956276802,1
"785","IESR","Prevotellaceae NK3B31 group_Unclassified",0.272812962364929,0.351058858204864,0.992729306056488,0.992729306056488,1
"786","IESR","Prevotellaceae NK3B31 group_uncultured organism",-0.0794163852419648,0.663448799348416,0.992729306056488,0.992729306056488,1
"787","IESR","Pseudarthrobacter_Unclassified",0.0259890661314861,0.708132449501815,0.992729306056488,0.992729306056488,1
"788","IESR","Pseudoxanthomonas_Unclassified",0.0927446424049799,0.254432030606484,0.981610394482241,0.981610394482241,1
"789","IESR","Psychromicrobium lacuslunae",-0.0186786944258008,0.778944198221564,0.992729306056488,0.992729306056488,1
"790","IESR","Pyramidobacter_Unclassified",-0.0346689020485472,0.734262460049977,0.992729306056488,0.992729306056488,1
"791","IESR","RF39_uncultured bacterium",-0.0601459047098027,0.640091409338053,0.992729306056488,0.992729306056488,1
"792","IESR","Ralstonia insidiosa",-0.0882512657497199,0.288773971453212,0.992729306056488,0.992729306056488,1
"793","IESR","Ralstonia mannitolilytica",0.00468074247848266,0.938035238228346,0.992729306056488,0.992729306056488,1
"794","IESR","Ralstonia pickettii",-0.0710889380990588,0.424003436298718,0.992729306056488,0.992729306056488,1
"795","IESR","Ralstonia pickettii 12D",-0.0791099323688141,0.421890910609088,0.992729306056488,0.992729306056488,1
"796","IESR","Ralstonia pickettii 12J",-0.100016884005401,0.19146096769915,0.962212956276802,0.962212956276802,1
"797","IESR","Ralstonia pseudosolanacearum",0.00342100925338302,0.955151210874305,0.992729306056488,0.992729306056488,1
"798","IESR","Ralstonia solanacearum",-0.00347053531898057,0.95749762914025,0.992729306056488,0.992729306056488,1
"799","IESR","Ralstonia solanacearum CFBP2957",0.00468074247848266,0.938035238228346,0.992729306056488,0.992729306056488,1
"800","IESR","Ralstonia solanacearum CMR15",-0.0353671797125486,0.573203821144352,0.992729306056488,0.992729306056488,1
"801","IESR","Ralstonia_Unclassified",-0.0373539020021961,0.600948277475964,0.992729306056488,0.992729306056488,1
"802","IESR","Ralstonia_uncultured bacterium",0.00369953129129005,0.951480426499423,0.992729306056488,0.992729306056488,1
"803","IESR","Ralstonia_uncultured beta proteobacterium",-0.0762948829202653,0.255605332480058,0.981610394482241,0.981610394482241,1
"804","IESR","Raoultella ornithinolytica",-0.0105656335101557,0.914757950342991,0.992729306056488,0.992729306056488,1
"805","IESR","Renibacterium salmoninarum",-0.0626786131875906,0.554350001784889,0.992729306056488,0.992729306056488,1
"806","IESR","Renibacterium_Unclassified",-0.0110464353681539,0.869936258943576,0.992729306056488,0.992729306056488,1
"807","IESR","Rhodanobacter_Unclassified",0.0184997331229965,0.825514825048526,0.992729306056488,0.992729306056488,1
"808","IESR","Rhodobacteraceae_uncultured bacterium",0.249501214191951,0.00238952688419773,0.205494435851245,0.205494435851245,0.375071015601799
"809","IESR","Rhodococcus_Unclassified",0.154783990829957,0.0673276974171273,0.795846808502352,0.795846808502352,0.960146679652618
"810","IESR","Rhodopseudomonas_Unclassified",0.0722035116069965,0.382070353875493,0.992729306056488,0.992729306056488,1
"811","IESR","Rhodospirillales_Unclassified",0.167736394527868,0.42948182389815,0.992729306056488,0.992729306056488,1
"812","IESR","Rhodospirillales_gut metagenome",-0.00875804407179084,0.928507256243605,0.992729306056488,0.992729306056488,1
"813","IESR","Romboutsia ilealis",-0.0509672415217629,0.562029442493982,0.992729306056488,0.992729306056488,1
"814","IESR","Romboutsia_uncultured bacterium",-0.0540908887252644,0.589293081847313,0.992729306056488,0.992729306056488,1
"815","IESR","Roseburia hominis A2-183",-0.00674361281053171,0.957773621361708,0.992729306056488,0.992729306056488,1
"817","IESR","Roseburia inulinivorans",-0.0652925809399638,0.588999132089271,0.992729306056488,0.992729306056488,1
"818","IESR","Roseburia_Unclassified",0.0141189367142865,0.889041050359649,0.992729306056488,0.992729306056488,1
"819","IESR","Roseburia_uncultured bacterium",-0.0859077638005319,0.36854010999321,0.992729306056488,0.992729306056488,1
"820","IESR","Roseburia_uncultured organism",0.0617922362303879,0.521751057564913,0.992729306056488,0.992729306056488,1
"821","IESR","Roseibacillus_Unclassified",0.201309034625111,0.0142540558189752,0.592191228115607,0.592191228115607,0.707604512575665
"822","IESR","Rudaea_Unclassified",0.112296406143964,0.274440799640498,0.992729306056488,0.992729306056488,1
"823","IESR","Ruminococcaceae_Unclassified",0.0540238433645465,0.382070353875493,0.992729306056488,0.992729306056488,1
"824","IESR","Ruminococcaceae_uncultured bacterium",-0.138328865599266,0.308171278594953,0.992729306056488,0.992729306056488,1
"825","IESR","Ruminococcaceae_uncultured organism",0.203226703977281,0.276101133296475,0.992729306056488,0.992729306056488,1
"826","IESR","Ruminococcus bicirculans",-0.135427001627584,0.281286738150316,0.992729306056488,0.992729306056488,1
"827","IESR","Ruminococcus faecis JCM 15917",0.0494360920513483,0.577286435641313,0.992729306056488,0.992729306056488,1
"828","IESR","Ruminococcus torques ATCC 27756",-0.0207279082511482,0.860050192027351,0.992729306056488,0.992729306056488,1
"829","IESR","Ruminococcus_Unclassified",-0.0667624190282922,0.546286229498422,0.992729306056488,0.992729306056488,1
"830","IESR","Ruminococcus_uncultured bacterium",-0.0268477036419818,0.819874031101293,0.992729306056488,0.992729306056488,1
"831","IESR","Ruminococcus_uncultured organism",-0.000956915783519394,0.993394701952597,0.994359022567063,0.994359022567063,1
"832","IESR","Sellimonas_uncultured bacterium",0.0540238433645465,0.382070353875493,0.992729306056488,0.992729306056488,1
"833","IESR","Sellimonas_uncultured organism",-0.0714157418741193,0.700709075905252,0.992729306056488,0.992729306056488,1
"834","IESR","Solanum bulbocastanum",0.0990354515769993,0.105598095081809,0.893672767636794,0.893672767636794,1
"835","IESR","Solanum lycopersicum (tomato)",0.152709819085079,0.0105512055029746,0.482190091485941,0.482190091485941,0.663960339938453
"836","IESR","Sphingomonas azotifigens",-0.10517558148835,0.317286215098061,0.992729306056488,0.992729306056488,1
"837","IESR","Sphingomonas leidyi",-0.00539785084355614,0.941678099298418,0.992729306056488,0.992729306056488,1
"838","IESR","Sphingomonas sp. FARSPH",-0.0851637352408217,0.244540607624892,0.977349630058708,0.977349630058708,1
"839","IESR","Sphingomonas trueperi",-0.0238093908210486,0.708654876146439,0.992729306056488,0.992729306056488,1
"840","IESR","Sphingomonas_Unclassified",-0.0144676576927811,0.833548556776886,0.992729306056488,0.992729306056488,1
"841","IESR","Staphylococcus epidermidis",-0.107104534417935,0.136859739588488,0.93441569321106,0.93441569321106,1
"842","IESR","Stappiaceae_Unclassified",0.116963298927991,0.0706931673227528,0.795846808502352,0.795846808502352,0.970616149793538
"843","IESR","Stenotrophobacter_uncultured Acidobacteria bacterium",0.0585127682286322,0.584030321277606,0.992729306056488,0.992729306056488,1
"844","IESR","Streptococcus anginosus",-0.00329999319917406,0.956585691539998,0.992729306056488,0.992729306056488,1
"845","IESR","Streptococcus anginosus C1051",0.0490584319979698,0.755433062381052,0.992729306056488,0.992729306056488,1
"846","IESR","Streptococcus gallolyticus subsp. pasteurianus",0.27777561418423,0.0306076270376723,0.736193976642961,0.736193976642961,0.814448585872579
"847","IESR","Streptococcus infantarius",0.00267781832700648,0.976981644709065,0.992729306056488,0.992729306056488,1
"848","IESR","Streptococcus lutetiensis",-0.011741191013725,0.853482758268626,0.992729306056488,0.992729306056488,1
"849","IESR","Streptococcus oralis Uo5",-0.0112082194291427,0.898430911925015,0.992729306056488,0.992729306056488,1
"850","IESR","Streptococcus pasteurianus ATCC 43144",0.468077885283206,0.00477735961186093,0.311893334660063,0.311893334660063,0.518947518112636
"851","IESR","Streptococcus salivarius",0.026469917802469,0.818952031048153,0.992729306056488,0.992729306056488,1
"852","IESR","Streptococcus salivarius JIM8777",0.072858958266672,0.427424586601809,0.992729306056488,0.992729306056488,1
"853","IESR","Streptococcus salivarius subsp. thermophilus",0.0977139925590924,0.69639265917977,0.992729306056488,0.992729306056488,1
"854","IESR","Streptococcus sp. FDAARGOS_192",0.0246324855189126,0.72695806065807,0.992729306056488,0.992729306056488,1
"855","IESR","Streptococcus thermophilus LMD-9",0.11275804970201,0.577252410452832,0.992729306056488,0.992729306056488,1
"856","IESR","Streptococcus_Unclassified",-0.0415645656955953,0.754266955902912,0.992729306056488,0.992729306056488,1
"857","IESR","Subdoligranulum_Unclassified",-0.0878770985767414,0.411779881375648,0.992729306056488,0.992729306056488,1
"858","IESR","Subdoligranulum_uncultured bacterium",-0.0503614539065044,0.669098888119569,0.992729306056488,0.992729306056488,1
"859","IESR","Subdoligranulum_uncultured organism",0.0679180192263191,0.481457397638975,0.992729306056488,0.992729306056488,1
"860","IESR","Succinivibrio_uncultured bacterium",0.277447673989541,0.199348119455778,0.962212956276802,0.962212956276802,1
"861","IESR","Succinivibrio_uncultured rumen bacterium",0.163317166600101,0.467717922094871,0.992729306056488,0.992729306056488,1
"862","IESR","Sutterella wadsworthensis",0.173880757039984,0.416355410609897,0.992729306056488,0.992729306056488,1
"863","IESR","Sutterella_Unclassified",-0.0682877744699915,0.736690424161887,0.992729306056488,0.992729306056488,1
"864","IESR","Sutterella_uncultured bacterium",0.00670850265247038,0.951554172331482,0.992729306056488,0.992729306056488,1
"865","IESR","Sutterella_uncultured organism",-0.0435708696864465,0.747876744366677,0.992729306056488,0.992729306056488,1
"866","IESR","Tannerellaceae_uncultured organism",0.059784381969251,0.427987825186506,0.992729306056488,0.992729306056488,1
"867","IESR","Terrisporobacter_uncultured bacterium",-0.175036703616054,0.0837001764490766,0.800348162136116,0.800348162136116,1
"868","IESR","Trichuris trichiura (human whipworm)",-0.167761711993495,0.403942711535237,0.992729306056488,0.992729306056488,1
"869","IESR","Turicibacter sp. H121",0.236992675449939,0.0227745411310228,0.68083404739004,0.68083404739004,0.77130793529176
"870","IESR","Tyzzerella_uncultured bacterium",0.0675756927845519,0.598137716957685,0.992729306056488,0.992729306056488,1
"871","IESR","Tyzzerella_uncultured organism",0.202559409352553,0.159915861354696,0.962212956276802,0.962212956276802,1
"873","IESR","UBA1819_Unclassified",-0.0723476042240197,0.508597146980728,0.992729306056488,0.992729306056488,1
"874","IESR","UCG-002_Unclassified",0.0392123504819562,0.753498596364106,0.992729306056488,0.992729306056488,1
"875","IESR","UCG-002_gut metagenome",-0.16569433358577,0.312877931355292,0.992729306056488,0.992729306056488,1
"876","IESR","UCG-002_uncultured bacterium",-0.0811694232648811,0.550360729703634,0.992729306056488,0.992729306056488,1
"877","IESR","UCG-002_uncultured organism",0.0576079384102395,0.651453860231605,0.992729306056488,0.992729306056488,1
"878","IESR","UCG-003_Unclassified",-0.0927300709335117,0.387934006795647,0.992729306056488,0.992729306056488,1
"879","IESR","UCG-003_gut metagenome",-0.133092382282854,0.237921365556408,0.962212956276802,0.962212956276802,1
"880","IESR","UCG-003_uncultured bacterium",0.0697844237283038,0.31140551949073,0.992729306056488,0.992729306056488,1
"881","IESR","UCG-003_uncultured organism",-0.0350908769691009,0.560603350786941,0.992729306056488,0.992729306056488,1
"882","IESR","UCG-005_Unclassified",0.0224619959659381,0.846065399879021,0.992729306056488,0.992729306056488,1
"883","IESR","UCG-005_uncultured bacterium",-0.0424637806816535,0.728638839366892,0.992729306056488,0.992729306056488,1
"884","IESR","UCG-005_uncultured organism",0.138552837942332,0.236590066115189,0.962212956276802,0.962212956276802,1
"885","IESR","UCG-009_uncultured bacterium",-0.0250294711868591,0.902336156414973,0.992729306056488,0.992729306056488,1
"886","IESR","UCG-010_Unclassified",0.295793701259213,0.0521345140797303,0.791567546434356,0.791567546434356,0.907632782994071
"887","IESR","UCG-010_uncultured bacterium",0.265567040735309,0.185079658677938,0.962212956276802,0.962212956276802,1
"888","IESR","Unclassified",0.155396239406502,0.11105303144209,0.922749733982458,0.922749733982458,1
"889","IESR","Veillonella atypica",0.0169265183767471,0.873414566097425,0.992729306056488,0.992729306056488,1
"890","IESR","Veillonella parvula",-0.0468232289277603,0.71357699292328,0.992729306056488,0.992729306056488,1
"891","IESR","Veillonella parvula DSM 2008",0.158308446580108,0.308520766377969,0.992729306056488,0.992729306056488,1
"892","IESR","Veillonella_Unclassified",0.0416241070324627,0.586360557297488,0.992729306056488,0.992729306056488,1
"893","IESR","Verrucomicrobiae_Unclassified",-0.115623752016701,0.0623554303536911,0.791567546434356,0.791567546434356,0.943943224496534
"894","IESR","Vibrionimonas_Unclassified",0.170563293174901,0.0462028156383725,0.782025435064306,0.782025435064306,0.88449734534447
"895","IESR","Victivallales bacterium CCUG 44730",-0.223473285145597,0.0858141355463231,0.800348162136116,0.800348162136116,1
"896","IESR","Weissella cibaria",0.00793271444123172,0.899347581640673,0.992729306056488,0.992729306056488,1
"897","IESR","[Clostridium] bolteae",0.0333060250042969,0.789332297013004,0.992729306056488,0.992729306056488,1
"898","IESR","[Clostridium] colinum",0.0564557652083858,0.413521012581069,0.992729306056488,0.992729306056488,1
"899","IESR","[Eubacterium] coprostanoligenes group_Unclassified",0.0757718820429147,0.612276214279039,0.992729306056488,0.992729306056488,1
"901","IESR","[Eubacterium] coprostanoligenes group_uncultured bacterium",0.00318785575864671,0.980650205690713,0.992729306056488,0.992729306056488,1
"902","IESR","[Eubacterium] coprostanoligenes group_uncultured organism",-0.115040817311871,0.460971404808725,0.992729306056488,0.992729306056488,1
"903","IESR","[Eubacterium] eligens ATCC 27750",-0.032536855130245,0.768743895644603,0.992729306056488,0.992729306056488,1
"904","IESR","[Eubacterium] eligens group_Unclassified",0.00649851470407187,0.950182008175238,0.992729306056488,0.992729306056488,1
"905","IESR","[Eubacterium] eligens group_uncultured bacterium",-0.109930168096102,0.36503734546603,0.992729306056488,0.992729306056488,1
"906","IESR","[Eubacterium] eligens group_uncultured organism",0.0373033319364784,0.63458111205867,0.992729306056488,0.992729306056488,1
"907","IESR","[Eubacterium] hallii",-0.074875092496332,0.562365761118507,0.992729306056488,0.992729306056488,1
"908","IESR","[Eubacterium] hallii group_Unclassified",0.266452852248277,0.093010753446383,0.817421429326866,0.817421429326866,1
"909","IESR","[Eubacterium] hallii group_uncultured bacterium",0.0570495488765865,0.608138039624072,0.992729306056488,0.992729306056488,1
"910","IESR","[Eubacterium] hallii group_unidentified",0.154518719790371,0.301533661394139,0.992729306056488,0.992729306056488,1
"911","IESR","[Eubacterium] rectale ATCC 33656",0.134396750945629,0.18705920555984,0.962212956276802,0.962212956276802,1
"912","IESR","[Eubacterium] ruminantium group_uncultured bacterium",0.123129092311696,0.41615933084426,0.992729306056488,0.992729306056488,1
"913","IESR","[Eubacterium] siraeum DSM 15702",0.189076345418737,0.226901197883998,0.962212956276802,0.962212956276802,1
"914","IESR","[Eubacterium] siraeum group_uncultured bacterium",-0.0381155124784248,0.784018732878059,0.992729306056488,0.992729306056488,1
"915","IESR","[Eubacterium] ventriosum group_Unclassified",-0.168068651708562,0.136993110383241,0.93441569321106,0.93441569321106,1
"916","IESR","[Eubacterium] ventriosum group_uncultured bacterium",-0.109339547282005,0.426809648363602,0.992729306056488,0.992729306056488,1
"917","IESR","[Eubacterium] xylanophilum group_uncultured bacterium",-0.224314840252218,0.0370011025074061,0.782025435064306,0.782025435064306,0.845056141868578
"918","IESR","[Ruminococcus] gauvreauii group_Unclassified",0.0709866962295121,0.611512851234037,0.992729306056488,0.992729306056488,1
"919","IESR","[Ruminococcus] gauvreauii group_uncultured bacterium",-0.0266606703656736,0.818845043553591,0.992729306056488,0.992729306056488,1
"920","IESR","[Ruminococcus] gnavus",0.165532281149882,0.214739141270972,0.962212956276802,0.962212956276802,1
"921","IESR","[Ruminococcus] gnavus group_Unclassified",0.0660998375262352,0.558714152625374,0.992729306056488,0.992729306056488,1
"922","IESR","[Ruminococcus] torques group_Unclassified",-0.0722028285247785,0.50105724306027,0.992729306056488,0.992729306056488,1
"923","IESR","[Ruminococcus] torques group_uncultured bacterium",0.157812509861691,0.141510394858659,0.936832905613245,0.936832905613245,1
"924","IESR","[Ruminococcus] torques group_uncultured organism",0.00132572916454531,0.984568258820076,0.992729306056488,0.992729306056488,1
